{
    "posts": [
              {
              "name": "Mark Zuckerberg",
              "location": {
              "city": "San Francisco",
              "state": "CA"
              },
              "profileImageName": "MarkZukerberg",
              "statusText": "By giving people the power to share, we're making the world more transparent.",
              "statusImageName": "dog",
              "numLikes": 150,
              "numComments": 300,
              "information": "some information text"
              }
              ]
}
